firstavg5,secondavg30,thirdavg100,forthavg200
5083,5662,5533,4937
5185,5698,5534,4932
5293,5728,5536,4927
5336,5749,5537,4921
5344,5763,5535,4914
5386,5779,5536,4908
5455,5783,5534,4902
5534,5787,5533,4895
5656,5796,5531,4888
5712,5804,5529,4882
5794,5815,5526,4875
5835,5814,5520,4867
5855,5808,5513,4860
5869,5794,5503,4853
5920,5794,5497,4847
5923,5788,5488,4840
5870,5782,5477,4833
5845,5778,5467,4826
5792,5765,5455,4818
5774,5757,5445,4812
5814,5750,5436,4805
5846,5753,5428,4799
5910,5754,5417,4792
5964,5759,5407,4785
5988,5760,5397,4779
5971,5753,5384,4773
6000,5754,5372,4768
5934,5744,5357,4764
5879,5731,5343,4760
5842,5715,5329,4757
5784,5699,5313,4754
5695,5684,5297,4752
5642,5672,5281,4751
5617,5658,5265,4750
5591,5649,5249,4748
5605,5644,5234,4747
5639,5642,5219,4745
5664,5639,5205,4744
5648,5633,5192,4741
5647,5629,5178,4738
5631,5626,5163,4737
5645,5622,5149,4735
5671,5622,5137,4733
5692,5625,5127,4733
5701,5622,5115,4732
5697,5619,5102,4732
5691,5607,5089,4730
5702,5596,5076,4730
5753,5587,5064,4731
5792,5578,5052,4731
5832,5565,5042,4733
5856,5549,5031,4733
5852,5529,5019,4732
5796,5507,5007,4731
5717,5483,4993,4729
5645,5464,4981,4727
5577,5442,4967,4725
5501,5421,4953,4723
5441,5403,4940,4724
5446,5392,4929,4726
5457,5380,4917,4728
5443,5362,4907,4729
5444,5347,4897,4732
5467,5344,4888,4735
5474,5335,4877,4737
5495,5324,4867,4738
5521,5312,4856,4740
5565,5302,4845,4742
5601,5290,4833,4744
5601,5276,4821,4746
5587,5256,4806,4748
5557,5237,4789,4750
5515,5219,4770,4751
5460,5205,4751,4751
5441,5192,4731,4752
5375,5182,4710,4752
5341,5177,4690,4752
5300,5171,4670,4753
5275,5165,4653,4754
5221,5156,4634,4756
5224,5153,4618,4759
5211,5147,4600,4762
5203,5142,4582,4767
5174,5136,4564,4771
5172,5130,4548,4776
5141,5121,4531,4780
5097,5109,4515,4785
5058,5099,4502,4789
5087,5091,4489,4795
5102,5082,4475,4798
5121,5077,4462,4803
5146,5072,4451,4807
5170,5065,4438,4813
5145,5049,4424,4817
5118,5034,4411,4821
5088,5018,4398,4826
5072,5004,4386,4832
5068,4986,4375,4837
5086,4972,4364,4842
5100,4952,4353,4847
5142,4931,4341,4852
5194,4908,4330,4858
5224,4877,4317,4864
5224,4843,4305,4869
5221,4810,4293,4874
5203,4773,4281,4878
5163,4732,4269,4882
5130,4695,4257,4886
5099,4664,4245,4890
5069,4634,4235,4896
5032,4605,4224,4901
4981,4578,4215,4908
4943,4557,4208,4914
4903,4539,4202,4921
4883,4520,4198,4928
4877,4501,4192,4935
4880,4490,4190,4943
4856,4474,4185,4950
4836,4462,4182,4957
4811,4449,4179,4964
4769,4438,4175,4970
4733,4430,4170,4975
4695,4426,4167,4981
4682,4423,4163,4985
4627,4415,4161,4989
4561,4410,4162,4995
4498,4403,4164,5000
4418,4399,4171,5006
4317,4387,4178,5012
4251,4382,4186,5018
4196,4379,4195,5026
4138,4384,4208,5033
4130,4393,4220,5041
4146,4402,4234,5048
4163,4409,4247,5054
4197,4421,4259,5061
4238,4432,4271,5068
4302,4438,4282,5076
4350,4439,4290,5083
4385,4440,4299,5090
4406,4436,4310,5096
4456,4422,4321,5104
4446,4397,4329,5109
4441,4372,4338,5115
4455,4343,4350,5120
4499,4311,4362,5126
4520,4277,4371,5131
4569,4245,4384,5136
4601,4216,4397,5141
4612,4185,4410,5146
4601,4152,4423,5150
4569,4112,4435,5154
4533,4072,4445,5159
4467,4033,4454,5164
4427,4000,4465,5169
4376,3965,4474,5173
4381,3937,4484,5178
4379,3916,4493,5183
4407,3900,4509,5188
4414,3880,4523,5193
4448,3863,4538,5197
4426,3841,4551,5200
4401,3818,4566,5204
4369,3797,4582,5206
4349,3782,4596,5209
4284,3761,4610,5212
4181,3747,4624,5215
4056,3735,4640,5220
3947,3725,4655,5224
3801,3716,4671,5230
3656,3706,4689,5235
3586,3706,4710,5241
3531,3711,4731,5250
3508,3718,4751,5258
3510,3734,4772,5267
3548,3752,4794,5276
3531,3771,4814,5284
3531,3791,4835,5293
3501,3804,4856,5300
3499,3822,4877,5308
3479,3837,4900,5315
3516,3864,4925,5323
3599,3895,4952,5330
3670,3927,4978,5337
3705,3961,5003,5343
3765,3992,5030,5350
3806,4024,5055,5357
3791,4043,5077,5362
3790,4066,5100,5366
3825,4095,5122,5370
3833,4119,5143,5374
3860,4138,5164,5378
3904,4159,5187,5383
3937,4178,5209,5388
3954,4201,5232,5392
3954,4231,5255,5397
3936,4263,5277,5402
3912,4305,5298,5407
3901,4351,5320,5411
3909,4394,5341,5415
3937,4442,5364,5421
3976,4502,5387,5426
4010,4554,5411,5431
4028,4608,5433,5436
4043,4655,5454,5441
4057,4701,5475,5445
4091,4739,5495,5448
4153,4780,5514,5452
4235,4815,5536,5455
4331,4848,5557,5457
4408,4893,5578,5460
4474,4931,5600,5461
4490,4962,5621,5461
4503,4994,5640,5463
4508,5028,5658,5463
4527,5066,5677,5464
4493,5096,5696,5464
4488,5136,5715,5464
4466,5180,5733,5464
4462,5220,5749,5464
4503,5264,5764,5463
4607,5312,5779,5463
4776,5354,5794,5463
4972,5394,5807,5462
5112,5427,5817,5460
5224,5451,5827,5457
5372,5469,5836,5454
5406,5475,5842,5448
5442,5490,5846,5442
5475,5507,5851,5436
5487,5523,5857,5430
5398,5528,5858,5422
5370,5546,5862,5414
5269,5562,5861,5406
5200,5574,5861,5398
5208,5589,5862,5391
5243,5610,5865,5384
5242,5629,5869,5378
5313,5656,5876,5374
5411,5682,5882,5370
5448,5701,5883,5365
5465,5720,5886,5360
5536,5738,5890,5355
5619,5748,5891,5351
5663,5749,5890,5345
5717,5751,5890,5340
5791,5753,5891,5336
5792,5749,5888,5330
5746,5745,5885,5323
5701,5740,5881,5317
5621,5741,5876,5310
5546,5746,5874,5304
5506,5762,5873,5298
5553,5778,5873,5294
5596,5793,5873,5290
5659,5818,5872,5286
5729,5840,5872,5282
5831,5861,5872,5279
5872,5871,5868,5273
5875,5874,5863,5267
5883,5880,5856,5262
5889,5883,5849,5257
5870,5887,5841,5251
5832,5888,5830,5244
5845,5899,5821,5238
5876,5911,5814,5233
5901,5923,5806,5227
5894,5931,5799,5221
5863,5941,5794,5216
5818,5949,5788,5209
5748,5954,5780,5203
5661,5963,5772,5197
5602,5977,5768,5191
5605,5993,5765,5187
5604,6008,5761,5182
5662,6022,5758,5178
5750,6039,5754,5174
5868,6056,5750,5170
5944,6071,5744,5165
6023,6089,5739,5160
6079,6099,5730,5154
6110,6116,5721,5147
6102,6124,5708,5139
6107,6134,5695,5132
6079,6146,5684,5124
6031,6152,5671,5116
5987,6162,5659,5108
5986,6170,5647,5101
5975,6176,5632,5092
6025,6185,5618,5086
6070,6190,5605,5078
6131,6190,5593,5071
6133,6184,5580,5063
6149,6170,5567,5055
6147,6154,5553,5047
6134,6140,5540,5039
6137,6125,5527,5031
6172,6117,5515,5025
6177,6106,5502,5018
6172,6093,5490,5011
6159,6086,5478,5006
6119,6070,5465,5000
6073,6055,5451,4994
6075,6034,5439,4988
6087,6010,5427,4982
6125,5992,5414,4976
6210,5975,5402,4971
6275,5964,5389,4966
6323,5949,5374,4960
6369,5931,5358,4955
6392,5909,5341,4948
6386,5883,5321,4941
6378,5859,5302,4933
6360,5830,5285,4925
6312,5799,5267,4916
6263,5775,5250,4908
6156,5746,5231,4899
6075,5714,5212,4889
5937,5686,5196,4880
5835,5660,5179,4873
5765,5638,5162,4866
5740,5628,5147,4859
5728,5617,5131,4852
5764,5615,5118,4847
5786,5613,5103,4841
5814,5601,5087,4835
5811,5589,5072,4828
5801,5575,5054,4821
5746,5563,5038,4815
5673,5548,5021,4808
5595,5521,5003,4801
5548,5500,4986,4794
5526,5478,4967,4787
5566,5458,4951,4781
5614,5443,4936,4775
5624,5428,4919,4769
5658,5414,4903,4763
5645,5396,4887,4757
5606,5381,4872,4750
5576,5370,4858,4745
5588,5358,4847,4739
5565,5340,4833,4734
5510,5333,4820,4729
5500,5328,4811,4724
5478,5322,4801,4719
5442,5309,4790,4713
5445,5297,4780,4708
5494,5289,4772,4703
5512,5274,4761,4697
5554,5268,4753,4692
5542,5255,4743,4686
5508,5237,4733,4680
5476,5209,4723,4674
5447,5185,4714,4669
5395,5163,4706,4664
5337,5147,4700,4660
5274,5130,4693,4655
5216,5112,4685,4651
5118,5084,4678,4646
5040,5057,4671,4641
5035,5043,4668,4639
5032,5028,4665,4636
5036,5015,4661,4634
5105,5010,4658,4633
5177,5004,4655,4631
5205,4997,4652,4628
5215,4992,4648,4625
5264,4982,4643,4620
5284,4968,4637,4614
5286,4955,4631,4609
5294,4944,4625,4603
5308,4938,4621,4599
5250,4922,4615,4593
5181,4908,4608,4587
5155,4893,4603,4581
5116,4877,4598,4576
5087,4864,4594,4571
5011,4851,4590,4567
4973,4837,4587,4563
4924,4818,4582,4559
4895,4802,4578,4555
4862,4781,4573,4551
4897,4773,4571,4549
4845,4767,4568,4546
4762,4757,4565,4542
4717,4748,4561,4539
4665,4737,4558,4536
4635,4720,4554,4534
4674,4722,4553,4533
4722,4720,4553,4533
4758,4713,4551,4532
4813,4704,4549,4531
4836,4689,4546,4531
4852,4673,4542,4530
4878,4653,4540,4530
4887,4631,4538,4529
4895,4608,4536,4529
4905,4582,4534,4528
4924,4558,4534,4528
4914,4532,4533,4528
4893,4503,4534,4528
4860,4473,4535,4528
4823,4439,4536,4528
4756,4406,4536,4529
4706,4373,4537,4530
4661,4341,4539,4531
4592,4311,4540,4532
4543,4291,4543,4532
4549,4277,4547,4534
4561,4266,4552,4535
4576,4261,4556,4537
4596,4258,4562,4539
4580,4251,4564,4542
4578,4249,4565,4544
4541,4245,4565,4547
4503,4242,4565,4549
4468,4241,4566,4554
4447,4245,4566,4558
4377,4238,4565,4562
4317,4241,4567,4566
4270,4241,4569,4570
4235,4249,4571,4575
4196,4257,4573,4580
4162,4271,4576,4586
4150,4290,4580,4591
4118,4310,4582,4597
4089,4326,4585,4602
4044,4344,4588,4608
4013,4362,4592,4614
3965,4380,4595,4620
3920,4406,4599,4627
3886,4431,4602,4634
3937,4459,4607,4641
3983,4482,4611,4648
4062,4507,4614,4655
4179,4537,4619,4663
4275,4566,4624,4671
4303,4584,4627,4676
4382,4599,4629,4681
4437,4611,4631,4686
4461,4620,4632,4690
4497,4632,4635,4695
4543,4648,4638,4700
4512,4653,4637,4704
4513,4661,4636,4709
4503,4668,4636,4714
4514,4677,4635,4719
4519,4684,4635,4724
4575,4693,4633,4729
4615,4697,4631,4735
4678,4702,4629,4740
4695,4703,4626,4746
4720,4704,4626,4751
4708,4698,4624,4755
4691,4691,4622,4759
4697,4684,4619,4763
4719,4680,4618,4769
4732,4675,4616,4774
4733,4669,4614,4779
4727,4665,4612,4784
4706,4654,4610,4788
4698,4642,4608,4793
4686,4631,4607,4798
4685,4624,4607,4803
4686,4622,4607,4808
4678,4619,4605,4813
4671,4616,4601,4818
4690,4619,4597,4823
4708,4623,4591,4829
4733,4629,4587,4834
4748,4641,4581,4839
4763,4651,4576,4844
4759,4660,4570,4849
4747,4666,4565,4854
4732,4672,4560,4858
4708,4679,4554,4863
4670,4684,4548,4867
4634,4692,4543,4872
4607,4706,4539,4877
4579,4718,4536,4882
4569,4729,4533,4888
4557,4743,4529,4894
4547,4750,4526,4901
4535,4755,4523,4907
4531,4758,4520,4915
4517,4760,4516,4922
4493,4763,4514,4929
4468,4762,4514,4937
4461,4762,4513,4945
4469,4767,4513,4952
4495,4772,4512,4960
4540,4776,4513,4968
4614,4781,4516,4976
4680,4784,4518,4984
4732,4785,4519,4991
4810,4779,4520,4998
4883,4773,4522,5006
4938,4761,4522,5013
4969,4752,4522,5019
4988,4740,4523,5026
4977,4718,4522,5031
4963,4698,4521,5037
4954,4675,4520,5042
4983,4655,4521,5047
5011,4632,4523,5053
5009,4610,4523,5058
5025,4591,4523,5064
4980,4573,4522,5069
4903,4548,4521,5074
4818,4530,4519,5078
4754,4516,4518,5083
4677,4501,4516,5088
4619,4495,4519,5093
4577,4489,4524,5099
4587,4484,4528,5105
4587,4478,4534,5111
4569,4474,4541,5118
4584,4473,4550,5124
4594,4466,4559,5131
4576,4453,4565,5137
4539,4442,4571,5144
4520,4435,4580,5150
4490,4432,4587,5157
4485,4433,4596,5164
4458,4431,4603,5170
4446,4433,4611,5177
4435,4435,4619,5184
4425,4438,4627,5192
4389,4436,4635,5199
4345,4436,4645,5206
4328,4444,4655,5214
4319,4450,4666,5220
4344,4460,4676,5228
4341,4470,4685,5235
4398,4481,4696,5243
4441,4490,4707,5251
4488,4490,4717,5258
4508,4481,4725,5265
4553,4475,4734,5273
4540,4463,4742,5279
4530,4450,4749,5286
4512,4437,4755,5293
4487,4424,4762,5300
4436,4412,4771,5308
4401,4405,4781,5316
4366,4394,4791,5325
4334,4385,4802,5334
4337,4378,4813,5343
4395,4379,4825,5353
4444,4381,4838,5362
4486,4382,4852,5372
4520,4379,4865,5382
4530,4371,4876,5391
4505,4360,4886,5400
4491,4350,4896,5409
4515,4341,4907,5419
4524,4335,4919,5428
4553,4333,4932,5437
4594,4332,4944,5446
4614,4333,4956,5455
4603,4327,4966,5463
4562,4325,4978,5472
4473,4325,4989,5481
4366,4325,4999,5490
4291,4331,5010,5500
4204,4336,5021,5509
4171,4351,5034,5520
4166,4371,5050,5532
4178,4393,5066,5544
4188,4416,5082,5557
4194,4442,5097,5569
4201,4465,5112,5582
4212,4494,5128,5595
4239,4521,5143,5607
4257,4549,5157,5619
4289,4577,5172,5632
4296,4601,5187,5645
4295,4623,5200,5658
4277,4643,5214,5672
4257,4662,5228,5685
4241,4679,5244,5700
4257,4700,5259,5714
4298,4727,5275,5727
4339,4757,5292,5741
4388,4787,5310,5755
4431,4818,5327,5768
4465,4853,5343,5781
4509,4884,5360,5791
4554,4915,5376,5802
4602,4941,5392,5812
4658,4968,5408,5824
4716,4998,5424,5836
4747,5020,5436,5844
4774,5046,5449,5851
4805,5063,5462,5859
4837,5081,5476,5866
4858,5095,5490,5872
4901,5111,5503,5880
4945,5128,5516,5889
4982,5146,5528,5897
5008,5163,5541,5905
5013,5182,5553,5913
4986,5192,5563,5921
4971,5202,5573,5929
4935,5211,5583,5937
4903,5223,5593,5946
4895,5238,5604,5954
4921,5250,5616,5963
4961,5260,5627,5973
5009,5273,5638,5983
5075,5285,5649,5993
5172,5297,5659,6002
5241,5305,5668,6011
5288,5316,5675,6020
5313,5327,5682,6028
5328,5337,5689,6036
5336,5343,5694,6043
5326,5348,5699,6049
5336,5353,5703,6056
5337,5365,5710,6063
5335,5377,5716,6068
5300,5385,5721,6071
5293,5394,5727,6075
5269,5398,5732,6078
5301,5408,5738,6081
5327,5421,5744,6084
5374,5437,5750,6087
5387,5453,5756,6090
5387,5465,5762,6092
5370,5473,5767,6095
5371,5483,5773,6098
5350,5492,5775,6099
5333,5504,5780,6099
5320,5515,5784,6100
5310,5527,5790,6103
5273,5535,5794,6104
5249,5547,5799,6107
5249,5563,5805,6110
5294,5580,5811,6113
5331,5596,5817,6116
5388,5612,5824,6120
5446,5628,5830,6124
5504,5644,5838,6127
5514,5651,5845,6130
5543,5658,5852,6131
5567,5664,5858,6132
5592,5668,5865,6132
5597,5670,5872,6134
5603,5677,5880,6136
5590,5681,5886,6138
5601,5688,5893,6139
5612,5695,5900,6139
5647,5703,5907,6139
5672,5715,5915,6139
5693,5731,5923,6139
5696,5741,5930,6139
5704,5749,5937,6138
5694,5759,5942,6137
5690,5773,5948,6136
5692,5786,5954,6137
5686,5799,5960,6137
5679,5809,5966,6136
5689,5817,5974,6136
5710,5827,5982,6137
5727,5839,5990,6137
5736,5855,5998,6137
5735,5869,6006,6136
5732,5882,6014,6136
5718,5892,6023,6135
5705,5905,6032,6135
5699,5920,6042,6135
5685,5935,6052,6135
5662,5943,6061,6134
5668,5955,6071,6134
5679,5968,6081,6133
5712,5980,6091,6133
5755,5992,6103,6132
5796,6007,6116,6130
5830,6018,6130,6129
5888,6026,6142,6127
5918,6031,6156,6124
5937,6032,6168,6121
5982,6034,6179,6118
6019,6033,6191,6116
6028,6027,6200,6112
6047,6024,6209,6109
6067,6022,6218,6106
6044,6014,6223,6102
6020,6005,6228,6098
6005,6000,6233,6094
6016,5995,6240,6091
6038,5990,6248,6087
6076,5990,6252,6085
6098,5988,6253,6081
6128,5983,6255,6078
6131,5974,6255,6074
6132,5963,6255,6070
6100,5955,6258,6066
6098,5949,6262,6063
6078,5943,6265,6060
6057,5935,6269,6057
6026,5921,6272,6054
6045,5915,6279,6053
6045,5906,6285,6052
6031,5899,6291,6051
6020,5892,6298,6049
5991,5888,6304,6048
5956,5880,6311,6047
5917,5874,6319,6046
5892,5869,6328,6045
5872,5866,6336,6044
5880,5867,6346,6044
5864,5873,6355,6044
5853,5882,6364,6044
5866,5892,6374,6044
5874,5902,6382,6044
5875,5912,6391,6044
5898,5927,6400,6044
5918,5943,6409,6044
5904,5954,6416,6044
5893,5967,6420,6044
5877,5980,6421,6044
5868,5992,6422,6044
5865,6008,6424,6044
5889,6025,6423,6044
5894,6040,6423,6044
5878,6059,6425,6044
5856,6073,6423,6045
5839,6086,6423,6046
5813,6095,6423,6046
5801,6107,6422,6047
5824,6128,6422,6049
5840,6151,6418,6051
5853,6173,6415,6053
5853,6194,6416,6053
5863,6214,6414,6054
5871,6238,6414,6054
5910,6261,6414,6054
5965,6286,6414,6053
6030,6312,6416,6053
6087,6340,6417,6053
6149,6366,6418,6052
6191,6388,6417,6051
6218,6404,6414,6049
6236,6422,6411,6046
6267,6441,6405,6044
6284,6460,6399,6041
6287,6483,6395,6038
6306,6509,6392,6035
6329,6535,6389,6033
6330,6562,6384,6031
6346,6588,6378,6029
6355,6611,6371,6027
6333,6634,6363,6025
6307,6653,6355,6023
6298,6672,6348,6020
6294,6687,6339,6018
6322,6694,6331,6016
6366,6704,6325,6014
6410,6715,6320,6014
6441,6734,6314,6012
6481,6749,6307,6011
6501,6745,6298,6008
6529,6731,6291,6005
6561,6722,6284,6002
6616,6712,6276,5999
6642,6697,6267,5995
6669,6694,6258,5991
6674,6690,6248,5987
6688,6685,6238,5983
6692,6677,6228,5978
6713,6670,6218,5974
6766,6670,6208,5970
6849,6671,6197,5967
6914,6670,6186,5962
6997,6668,6174,5958
7052,6662,6161,5953
7054,6657,6144,5948
7053,6649,6128,5942
7037,6646,6111,5937
6991,6632,6092,5932
6937,6624,6074,5926
6854,6618,6058,5921
6755,6611,6041,5916
6682,6608,6024,5911
6667,6601,6009,5907
6671,6599,5994,5903
6629,6604,5981,5900
6529,6609,5968,5897
6452,6610,5956,5895
6310,6595,5941,5892
6169,6568,5927,5888
6193,6557,5917,5887
6279,6559,5910,5888
6339,6544,5901,5887
6406,6535,5894,5886
6480,6530,5886,5885
6524,6506,5874,5883
6559,6485,5864,5881
6596,6467,5854,5878
6638,6448,5845,5875
6664,6423,5836,5872
6686,6378,5827,5868
6718,6340,5819,5864
6769,6315,5810,5860
6783,6281,5801,5856
6824,6255,5793,5853
6825,6224,5783,5848
6829,6191,5773,5843
6809,6160,5761,5837
6803,6136,5752,5833
6788,6109,5742,5828
6770,6080,5733,5824
6738,6049,5723,5819
6694,6014,5714,5815
6630,5977,5706,5812
6484,5938,5697,5809
6344,5911,5689,5806
6234,5887,5680,5803
6058,5866,5672,5801
5948,5847,5668,5799
5940,5837,5667,5800
5887,5821,5666,5800
5832,5804,5663,5800
5875,5798,5665,5802
5884,5790,5665,5804
5837,5773,5664,5805
5758,5766,5666,5808
5691,5759,5668,5809
5681,5751,5670,5811
5640,5746,5672,5812
5659,5742,5676,5814
5762,5752,5684,5819
5825,5759,5690,5822
5845,5755,5691,5823
5908,5754,5694,5826
5949,5746,5694,5827
5960,5739,5694,5828
5973,5733,5693,5829
5933,5721,5691,5829
5849,5711,5689,5829
5762,5700,5686,5829
5754,5691,5685,5829
5769,5681,5683,5830
5803,5673,5681,5831
5855,5670,5682,5834
5877,5667,5683,5835
5807,5648,5681,5836
5731,5629,5678,5836
5651,5606,5677,5836
5605,5588,5677,5837
5554,5573,5679,5839
5554,5567,5683,5841
5565,5559,5686,5843
5596,5550,5690,5845
5621,5542,5693,5847
5652,5536,5697,5850
5673,5527,5701,5852
5691,5514,5704,5853
5701,5503,5707,5853
5685,5491,5711,5853
5682,5483,5715,5854
5686,5474,5717,5854
5666,5460,5718,5854
5640,5446,5719,5854
5651,5436,5722,5854
5673,5427,5723,5855
5671,5416,5724,5855
5663,5408,5726,5856
5646,5405,5727,5857
5606,5401,5729,5857
5567,5397,5731,5858
5494,5401,5733,5860
5456,5408,5736,5861
5405,5416,5739,5863
5361,5425,5743,5865
5313,5436,5746,5867
5324,5454,5752,5871
5312,5466,5757,5873
5314,5482,5764,5876
5328,5500,5771,5879
5329,5519,5779,5883
5315,5535,5785,5885
5293,5551,5791,5888
5314,5572,5798,5891
5316,5592,5805,5893
5336,5612,5812,5897
5353,5631,5819,5900
5367,5649,5827,5903
5357,5664,5834,5906
5354,5683,5842,5909
5344,5702,5850,5912
5339,5720,5858,5915
5359,5739,5866,5919
5395,5756,5872,5922
5440,5773,5879,5926
5495,5792,5885,5930
5584,5812,5892,5935
5662,5835,5897,5939
5713,5854,5901,5942
5749,5871,5904,5945
5799,5889,5907,5948
5810,5901,5909,5950
5801,5911,5910,5952
5800,5918,5911,5954
5815,5925,5912,5957
5810,5925,5912,5960
5810,5924,5912,5962
5826,5925,5912,5964
5856,5927,5913,5967
5875,5925,5913,5969
5885,5923,5913,5971
5890,5921,5915,5972
5881,5915,5916,5974
5863,5905,5917,5976
5865,5898,5918,5977
5877,5892,5921,5978
5887,5883,5923,5980
5905,5882,5927,5982
5911,5882,5929,5985
5893,5878,5931,5987
5884,5877,5933,5989
5890,5877,5935,5992
5933,5879,5937,5995
5984,5882,5939,5997
6030,5882,5943,6000
6079,5884,5947,6002
6117,5884,5949,6004
6119,5878,5950,6006
6093,5875,5951,6006
6074,5875,5952,6008
6017,5872,5953,6008
5953,5862,5953,6009
5886,5853,5954,6010
5855,5850,5956,6013
5811,5846,5957,6015
5797,5842,5960,6017
5793,5842,5962,6020
5769,5843,5965,6023
5725,5841,5967,6026
5716,5843,5969,6029
5698,5847,5971,6031
5662,5850,5974,6033
5680,5857,5977,6036
5723,5866,5981,6039
5745,5871,5985,6041
5790,5876,5988,6044
5849,5885,5991,6047
5887,5890,5994,6049
5913,5896,5996,6050
5920,5902,5998,6052
5923,5906,5999,6052
5929,5907,5999,6053
5926,5908,6000,6054
5942,5911,6000,6054
5983,5915,6002,6056
6007,5918,6002,6057
5986,5921,6003,6058
5969,5924,6002,6059
5942,5926,5999,6059
5901,5928,5996,6060
5838,5932,5992,6060
5833,5944,5991,6062
5826,5952,5989,6063
5799,5955,5988,6064
5796,5960,5987,6065
5824,5968,5987,6066
5839,5973,5986,6068
5855,5980,5986,6068
5877,5984,5986,6069
5882,5985,5986,6070
5876,5986,5986,6070
5874,5988,5987,6070
5876,5990,5987,6071
5903,5990,5988,6072
5931,5990,5988,6073
5965,5990,5989,6075
5983,5988,5990,6076
5999,5985,5990,6077
6000,5979,5989,6077
5997,5973,5987,6078
5999,5968,5987,6078
6010,5969,5986,6078
6019,5969,5985,6078
6037,5969,5984,6077
6060,5970,5982,6076
6091,5974,5981,6074
6123,5977,5980,6073
6135,5981,5980,6071
6114,5979,5978,6069
6094,5980,5976,6067
6049,5978,5974,6065
6012,5976,5972,6063
5997,5977,5972,6060
5974,5980,5973,6059
5947,5987,5974,6058
5932,5997,5976,6058
5926,6004,5977,6057
5914,6010,5980,6056
5911,6020,5983,6056
5911,6032,5987,6056
5906,6041,5990,6056
5876,6049,5992,6056
5849,6056,5995,6057
5840,6067,5998,6058
5831,6076,6002,6059
5832,6083,6007,6060
5868,6092,6012,6061
5902,6099,6016,6062
5938,6105,6021,6064
5980,6112,6024,6065
6031,6116,6028,6066
6060,6117,6030,6067
6089,6118,6032,6067
6100,6119,6034,6068
6115,6120,6035,6069
6118,6114,6036,6069
6113,6109,6036,6069
6110,6106,6038,6070
6119,6104,6041,6071
6138,6101,6043,6073
6160,6097,6046,6074
6180,6093,6049,6074
6198,6090,6052,6075
6214,6085,6055,6076
6216,6077,6057,6076
6197,6069,6058,6076
6197,6062,6060,6076
6189,6051,6061,6077
6191,6035,6062,6078
6177,6019,6063,6079
6161,6004,6064,6081
6135,5987,6065,6082
6105,5972,6067,6084
6069,5956,6069,6085
6045,5943,6072,6087
6031,5932,6075,6090
6020,5922,6078,6093
6019,5914,6082,6095
6024,5907,6085,6098
6026,5899,6089,6101
6019,5895,6091,6104
6012,5893,6093,6107
6012,5891,6095,6111
6011,5887,6097,6115
6005,5882,6098,6118
6013,5880,6100,6122
6015,5881,6102,6126
6015,5878,6104,6129
6002,5872,6104,6132
5995,5868,6106,6136
5994,5865,6106,6138
5992,5863,6107,6141
5968,5859,6107,6143
5914,5855,6108,6145
5867,5851,6110,6147
5805,5847,6111,6150
5748,5846,6113,6153
5715,5848,6116,6157
5719,5856,6120,6162
5721,5862,6124,6166
5730,5871,6128,6171
5748,5883,6133,6175
5757,5894,6137,6179
5772,5905,6140,6184
5780,5918,6142,6188
5811,5930,6146,6193
5845,5943,6149,6197
5880,5959,6151,6202
5905,5973,6152,6206
5924,5988,6154,6209
5929,5998,6154,6212
5937,6006,6154,6215
5933,6014,6155,6218
5924,6023,6156,6221
5920,6037,6158,6225
5924,6051,6161,6228
5911,6062,6162,6231
5900,6073,6164,6233
5900,6086,6166,6236
5893,6097,6168,6239
5884,6105,6169,6242
5890,6115,6169,6245
5905,6126,6170,6248
5918,6136,6170,6251
5935,6147,6170,6254
5950,6156,6167,6257
5968,6164,6166,6260
5991,6175,6163,6262
6015,6189,6161,6264
6054,6203,6159,6266
6084,6219,6156,6268
6112,6231,6153,6270
6146,6243,6148,6272
6178,6255,6146,6274
6205,6263,6142,6275
6216,6270,6140,6278
6219,6278,6136,6280
6208,6281,6133,6282
6204,6284,6129,6284
6216,6287,6125,6287
6250,6290,6122,6290
6272,6293,6121,6293
6286,6298,6120,6296
6303,6306,6119,6299
6277,6310,6116,6302
6247,6311,6112,6306
6233,6314,6110,6309
6224,6317,6108,6313
6199,6320,6107,6317
6196,6325,6105,6322
6189,6327,6105,6326
6180,6327,6103,6330
6198,6327,6102,6335
6234,6328,6103,6340
6273,6328,6102,6345
6326,6329,6103,6350
6372,6329,6103,6356
6398,6324,6102,6361
6413,6317,6102,6367
6410,6310,6102,6372
6392,6297,6101,6377
6391,6285,6099,6382
6371,6272,6097,6386
6350,6262,6096,6391
6347,6254,6095,6395
6334,6247,6094,6398
6312,6239,6092,6401
6314,6233,6092,6405
6339,6227,6094,6408
6358,6221,6095,6411
6376,6217,6097,6414
6396,6212,6098,6417
6397,6204,6100,6419
6388,6191,6101,6422
6370,6177,6103,6424
6344,6168,6104,6426
6312,6157,6107,6429
6287,6145,6109,6432
6247,6129,6110,6433
6209,6116,6113,6435
6204,6106,6117,6436
6194,6096,6122,6436
6180,6089,6127,6437
6167,6086,6133,6438
6164,6085,6138,6439
6130,6082,6144,6440
6104,6080,6149,6441
6085,6079,6155,6443
6084,6078,6161,6445
6075,6076,6166,6446
6096,6075,6170,6448
6118,6072,6175,6450
6139,6069,6179,6451
6138,6059,6182,6453
6149,6050,6185,6455
6152,6035,6189,6457
6150,6022,6193,6459
6135,6008,6199,6461
6121,5994,6205,6464
6094,5979,6209,6466
6083,5964,6214,6468
6064,5948,6218,6470
6043,5934,6222,6473
6021,5925,6228,6476
6005,5917,6233,6479
5970,5909,6239,6481
5945,5902,6245,6483
5954,5898,6252,6485
5987,5895,6259,6487
6020,5891,6265,6488
6062,5893,6271,6490
6101,5895,6277,6492
6117,5897,6282,6493
6117,5897,6287,6494
6113,5894,6291,6495
6085,5891,6295,6496
6056,5887,6299,6497
6030,5888,6303,6499
5974,5888,6307,6500
5922,5888,6310,6501
5857,5892,6315,6504
5814,5895,6321,6506
5767,5900,6325,6508
5747,5913,6332,6510
5723,5923,6338,6514
5728,5940,6346,6518
5708,5954,6354,6522
5693,5970,6361,6526
5706,5992,6367,6531
5722,6014,6374,6535
5752,6035,6380,6540
5785,6054,6387,6545
5830,6073,6395,6550
5842,6090,6402,6554
5850,6104,6408,6557
5874,6117,6416,6561
5906,6131,6424,6564
5948,6147,6431,6567
5999,6167,6440,6570
6037,6187,6449,6573
6051,6203,6457,6576
6055,6218,6465,6579
6058,6233,6472,6582
6063,6249,6480,6585
6072,6267,6489,6588
6089,6284,6499,6592
6104,6303,6508,6595
6104,6319,6517,6598
6123,6331,6527,6600
6137,6350,6538,6603
6150,6368,6547,6605
6165,6389,6557,6608
6188,6409,6568,6611
6218,6427,6578,6614
6263,6447,6588,6618
6295,6466,6598,6621
6308,6484,6609,6625
6311,6500,6621,6628
6293,6513,6631,6631
6268,6523,6643,6633
6241,6528,6653,6636
6247,6537,6664,6639
6271,6545,6675,6643
6306,6548,6685,6646
6344,6555,6694,6650
6395,6566,6702,6653
6427,6576,6711,6657
6465,6588,6717,6660
6490,6596,6723,6662
6517,6603,6727,6666
6533,6607,6731,6669
6568,6611,6736,6672
6579,6611,6739,6675
6559,6612,6742,6677
6573,6613,6745,6679
6594,6617,6748,6682
6618,6619,6750,6684
6642,6622,6754,6686
6699,6627,6756,6689
6718,6623,6757,6692
6739,6618,6756,6694
6736,6611,6751,6695
6735,6605,6747,6697
6729,6599,6744,6698
6719,6595,6739,6699
6665,6587,6736,6701
6626,6581,6733,6703
6578,6574,6732,6706
6508,6564,6730,6708
6461,6557,6727,6710
6469,6557,6725,6713
6483,6557,6724,6716
6529,6557,6723,6720
6594,6561,6724,6724
6628,6561,6725,6728
6640,6559,6724,6732
6636,6556,6724,6735
6604,6548,6723,6738
6585,6536,6723,6741
6579,6528,6723,6745
6594,6520,6723,6750
6618,6514,6723,6754
6645,6510,6723,6759
6649,6504,6724,6763
6636,6501,6724,6768
6601,6497,6723,6773
6570,6496,6721,6777
6541,6494,6718,6782
6532,6497,6714,6788
6549,6505,6712,6793
6551,6514,6709,6799
6556,6522,6708,6805
6545,6531,6705,6809
6519,6541,6702,6814
6491,6553,6699,6818
6484,6569,6697,6823
6481,6584,6695,6828
6477,6602,6694,6834
6488,6625,6693,6840
6482,6646,6692,6846
6485,6666,6692,6852
6477,6683,6691,6858
6476,6708,6690,6864
6446,6731,6688,6871
6428,6755,6689,6878
6406,6780,6690,6885
6385,6805,6691,6892
6376,6836,6691,6900
6391,6872,6694,6908
6417,6910,6696,6915
6456,6944,6699,6922
6506,6975,6703,6929
6551,7008,6705,6936
6608,7035,6706,6942
6661,7057,6706,6948
6705,7072,6706,6954
6728,7088,6704,6960
6764,7100,6703,6966
6791,7111,6700,6972
6838,7115,6697,6978
6879,7117,6695,6983
6925,7121,6693,6989
6972,7123,6692,6995
7023,7123,6690,7000
7047,7120,6688,7005
7066,7115,6685,7009
7080,7111,6681,7013
7113,7109,6678,7016
7124,7094,6673,7019
7139,7080,6668,7023
7167,7063,6663,7026
7210,7035,6659,7030
7243,7007,6653,7034
7292,6981,6650,7037
7360,6951,6647,7041
7394,6925,6644,7044
7404,6897,6640,7046
7403,6870,6635,7048
7370,6842,6630,7051
7297,6804,6624,7053
7223,6768,6619,7054
7182,6738,6615,7056
7108,6705,6610,7057
7065,6679,6607,7057
7008,6658,6605,7058
6973,6639,6603,7060
6928,6620,6602,7062
6899,6608,6602,7065
6865,6596,6602,7068
6870,6589,6604,7071
6870,6580,6607,7075
6863,6570,6609,7078
6885,6560,6611,7082
6846,6553,6613,7087
6806,6543,6614,7091
6752,6534,6615,7095
6625,6523,6617,7100
6506,6503,6619,7105
6447,6487,6622,7111
6363,6473,6627,7116
6341,6463,6632,7122
6379,6467,6639,7130
6420,6464,6646,7138
6459,6460,6652,7145
6477,6461,6660,7153
6447,6455,6667,7161
6452,6455,6674,7169
6411,6449,6680,7177
6392,6442,6685,7184
6423,6443,6693,7193
6451,6447,6702,7201
6472,6446,6709,7209
6528,6446,6717,7218
6565,6441,6725,7225
6595,6441,6732,7233
6618,6445,6740,7240
6627,6446,6747,7246
6608,6442,6753,7253
6606,6439,6760,7260
6592,6437,6767,7266
6594,6441,6776,7274
6582,6445,6785,7280
6544,6450,6794,7287
6456,6443,6802,7293
6390,6441,6812,7300
6327,6439,6822,7307
6292,6439,6833,7315
6276,6443,6846,7324
6280,6449,6861,7333
6290,6455,6875,7342
6295,6465,6889,7351
6307,6474,6902,7359
6328,6486,6913,7368
6353,6503,6925,7377
6365,6517,6937,7385
6395,6529,6950,7394
6396,6537,6962,7402
6390,6547,6974,7411
6388,6556,6987,7420
6412,6563,6999,7429
6441,6570,7012,7438
6470,6576,7025,7447
6504,6586,7039,7456
6553,6604,7053,7464
6575,6617,7066,7473
6597,6627,7079,7481
6625,6637,7094,7490
6657,6648,7108,7498
6630,6659,7122,7507
6616,6669,7134,7515
6581,6678,7145,7523
6545,6683,7156,7531
6503,6689,7166,7539
6492,6706,7178,7549
6472,6719,7190,7558
6481,6731,7203,7569
6502,6748,7216,7580
6534,6765,7229,7592
6601,6784,7245,7604
6661,6806,7259,7616
6679,6824,7272,7627
6683,6841,7285,7638
6693,6855,7298,7649
6675,6865,7311,7660
6645,6873,7322,7670
6643,6885,7333,7681
6631,6899,7344,7693
6625,6912,7355,7705
6675,6926,7365,7717
6732,6943,7378,7730
6779,6958,7389,7743
6840,6971,7402,7757
6877,6982,7414,7770
6883,6986,7424,7782
6888,6992,7434,7795
6903,7001,7443,7807
6900,7008,7452,7821
6904,7019,7461,7834
6911,7027,7471,7846
6919,7035,7481,7860
6901,7041,7488,7872
6931,7050,7497,7887
6957,7061,7504,7901
6961,7071,7507,7914
6989,7081,7512,7924
7036,7094,7517,7935
7063,7101,7522,7945
7076,7111,7527,7954
7085,7123,7534,7963
7065,7134,7539,7973
7048,7145,7543,7982
7029,7157,7548,7990
7033,7169,7554,8000
7040,7184,7560,8010
7063,7203,7568,8019
7078,7223,7575,8029
7064,7243,7583,8038
7045,7260,7591,8046
7034,7282,7599,8051
7028,7302,7606,8055
7038,7320,7613,8062
7064,7341,7621,8069
7101,7357,7630,8076
7131,7372,7638,8084
7144,7385,7647,8092
7148,7399,7655,8099
7152,7416,7665,8107
7156,7430,7673,8114
7175,7447,7683,8122
7199,7464,7692,8131
7218,7481,7701,8140
7235,7500,7710,8149
7255,7519,7718,8157
7274,7537,7726,8166
7304,7556,7733,8174
7339,7576,7739,8182
7397,7602,7746,8191
7426,7625,7753,8199
7451,7646,7760,8207
7480,7660,7765,8216
7516,7671,7771,8223
7546,7681,7776,8230
7577,7689,7779,8238
7627,7694,7784,8246
7658,7702,7788,8255
7662,7709,7792,8264
7653,7714,7797,8272
7625,7722,7801,8282
7572,7728,7805,8291
7528,7734,7809,8301
7509,7742,7813,8311
7513,7751,7817,8322
7539,7769,7822,8332
7581,7786,7828,8344
7614,7798,7833,8355
7644,7807,7838,8366
7653,7811,7843,8375
7692,7816,7849,8384
7719,7818,7854,8394
7751,7824,7859,8403
7788,7827,7864,8413
7850,7834,7868,8423
7890,7837,7872,8431
7926,7839,7875,8439
7932,7842,7879,8448
7903,7839,7883,8456
7870,7831,7885,8465
7811,7826,7888,8474
7741,7823,7891,8483
7732,7826,7896,8493
7746,7824,7902,8502
7744,7818,7906,8509
7773,7815,7913,8517
7832,7804,7920,8526
7847,7791,7927,8533
7863,7778,7934,8539
7877,7769,7944,8544
7909,7758,7954,8549
7920,7747,7963,8553
7915,7739,7972,8558
7895,7725,7983,8563
7872,7718,7992,8568
7820,7707,8000,8571
7773,7698,8009,8574
7768,7694,8018,8577
7766,7693,8029,8581
7790,7695,8041,8584
7817,7699,8055,8588
7843,7704,8069,8591
7858,7704,8082,8593
7860,7703,8098,8596
7831,7702,8112,8600
7824,7700,8126,8604
7830,7700,8140,8607
7838,7701,8156,8611
7812,7708,8172,8616
7797,7719,8190,8621
7748,7726,8206,8625
7625,7733,8221,8628
7522,7738,8238,8631
7475,7749,8256,8633
7446,7762,8277,8635
7432,7778,8298,8636
7494,7800,8321,8639
7537,7820,8336,8642
7545,7834,8352,8644
7571,7846,8369,8646
7601,7863,8380,8649
7624,7878,8393,8652
7643,7889,8407,8655
7700,7906,8421,8659
7735,7916,8432,8663
7773,7922,8446,8667
7808,7929,8460,8670
7828,7936,8471,8672
7828,7946,8483,8674
7830,7955,8493,8674
7825,7963,8500,8675
7819,7969,8503,8676
7838,7978,8504,8677
7887,7987,8511,8678
7934,7994,8516,8680
7978,7999,8522,8683
8027,8003,8530,8685
8059,8007,8537,8686
8057,8008,8543,8687
8056,8009,8549,8687
8057,8013,8554,8685
8031,8017,8560,8681
8017,8020,8569,8678
7987,8025,8579,8677
7951,8028,8587,8674
7943,8032,8595,8671
7958,8036,8606,8669
7948,8042,8615,8666
7980,8055,8626,8665
7992,8067,8637,8664
7959,8075,8646,8661
7930,8083,8655,8660
7926,8096,8666,8660
7937,8105,8675,8659
7970,8117,8684,8660
8015,8134,8696,8660
8049,8148,8708,8661
8084,8165,8722,8661
8076,8183,8735,8662
8062,8205,8748,8663
8042,8231,8762,8664
8026,8256,8776,8666
8008,8278,8792,8666
8009,8308,8810,8669
8025,8335,8826,8671
8066,8362,8842,8675
8109,8390,8860,8677
8140,8416,8876,8679
8161,8445,8893,8681
8167,8473,8907,8682
8166,8503,8920,8682
8147,8533,8934,8682
8147,8566,8947,8681
8167,8607,8963,8681
8187,8646,8977,8681
8205,8682,8989,8682
8239,8722,9003,8684
8272,8765,9016,8688
8281,8803,9030,8690
8292,8845,9044,8693
8309,8886,9060,8694
8318,8924,9075,8696
8340,8964,9089,8697
8404,9007,9103,8697
8495,9052,9112,8698
8600,9099,9122,8700
8699,9139,9131,8701
8764,9157,9140,8702
8828,9170,9143,8703
8842,9184,9145,8703
8824,9178,9143,8703
8827,9180,9142,8704
8835,9187,9144,8704
8831,9186,9144,8705
8857,9183,9143,8706
8913,9193,9141,8708
8970,9203,9140,8709
9037,9203,9136,8710
9133,9204,9132,8711
9206,9201,9126,8711
9240,9185,9121,8710
9280,9153,9113,8710
9343,9111,9104,8709
9343,9079,9095,8707
9380,9047,9088,8705
9431,9020,9081,8703
9450,8999,9074,8701
9468,8971,9067,8698
9503,8946,9060,8696
9533,8918,9052,8692
9585,8887,9043,8689
9610,8863,9035,8687
9497,8844,9025,8685
9386,8824,9010,8683
9286,8798,8994,8681
9077,8767,8974,8679
8944,8750,8957,8677
8945,8750,8947,8677
8919,8747,8936,8677
8837,8741,8924,8675
8914,8749,8918,8675
8965,8750,8911,8674
8928,8752,8903,8673
8941,8753,8898,8672
8964,8758,8894,8671
8863,8756,8888,8669
8666,8756,8880,8666
8483,8771,8873,8665
8384,8788,8866,8664
8280,8804,8855,8664
8253,8835,8849,8664
8360,8880,8848,8664
8503,8939,8850,8667
8545,8984,8845,8665
8608,9028,8844,8663
8630,9067,8845,8662
8633,9102,8840,8659
8708,9137,8834,8657
8772,9174,8830,8653
8814,9200,8825,8649
8868,9232,8815,8645
8932,9261,8801,8640
8933,9280,8787,8634
8920,9304,8775,8627
8942,9328,8760,8620
8965,9345,8747,8613
8946,9362,8732,8604
8955,9377,8717,8596
8955,9401,8705,8588
8939,9424,8690,8578
8955,9454,8676,8570
8997,9483,8665,8560
9046,9508,8654,8550
9151,9534,8644,8541
9242,9544,8635,8532
9337,9553,8624,8523
9411,9559,8613,8511
9490,9558,8601,8498
9562,9542,8589,8485
9622,9529,8578,8471
9647,9502,8567,8459
9695,9477,8555,8446
9692,9452,8541,8434
9687,9422,8528,8421
9642,9391,8516,8409
9620,9358,8507,8395
9584,9324,8495,8382
9565,9284,8482,8369
9550,9241,8468,8354
9582,9204,8458,8342
9547,9171,8445,8328
9537,9132,8430,8315
9517,9089,8415,8303
9501,9047,8398,8290
9514,9013,8384,8279
9621,8989,8374,8268
9675,8959,8365,8257
9740,8934,8360,8247
9752,8906,8351,8235
9662,8873,8342,8221
9546,8830,8329,8207
9450,8792,8317,8193
9348,8749,8304,8179
9201,8698,8291,8165
9149,8659,8284,8153
9030,8608,8277,8142
8919,8558,8271,8131
8853,8516,8265,8119
8842,8480,8263,8110
8799,8447,8261,8099
8787,8428,8263,8089
8781,8408,8265,8078
8680,8383,8264,8066
8601,8365,8267,8052
8515,8353,8270,8042
8497,8349,8274,8031
8433,8334,8278,8020
8394,8325,8284,8009
8385,8316,8289,7998
8441,8299,8295,7986
8454,8279,8300,7972
8499,8269,8307,7959
8592,8263,8314,7945
8654,8248,8319,7933
8674,8236,8323,7920
8667,8233,8325,7908
8671,8217,8328,7895
8629,8196,8330,7882
8503,8179,8331,7868
8374,8159,8332,7852
8211,8125,8335,7838
8046,8082,8339,7822
7949,8050,8345,7808
7896,8039,8355,7795
7879,8018,8367,7781
7955,8011,8383,7768
8022,8001,8396,7754
8057,7983,8406,7739
8154,7977,8418,7726
8239,7962,8426,7713
8309,7940,8431,7697
8336,7932,8438,7680
8328,7922,8442,7663
8303,7908,8446,7646
8190,7896,8449,7627
8078,7876,8451,7607
8039,7867,8453,7588
8024,7864,8458,7567
7976,7864,8463,7548
8059,7879,8472,7530
8176,7894,8478,7513
8187,7903,8481,7497
8193,7909,8483,7482
8243,7926,8484,7467
8216,7935,8482,7450
8024,7941,8478,7430
7860,7954,8478,7413
7749,7961,8479,7395
7661,7966,8476,7376
7527,7978,8473,7359
7525,8000,8475,7342
7562,8026,8479,7327
7548,8040,8481,7312
7527,8050,8480,7294
7540,8074,8480,7278
7531,8101,8478,7260
7607,8138,8476,7243
7691,8185,8474,7226
7740,8221,8470,7208
7843,8262,8466,7192
7921,8297,8464,7177
7948,8321,8455,7159
7977,8342,8446,7142
8039,8356,8437,7124
8090,8374,8428,7105
8190,8398,8421,7086
8251,8420,8409,7067
8294,8440,8395,7049
8347,8455,8381,7030
8395,8473,8365,7012
8458,8491,8351,6994
8495,8509,8337,6974
8508,8531,8327,6956
8484,8551,8315,6936
8474,8569,8301,6917
8374,8582,8284,6897
8292,8600,8269,6878
8225,8624,8255,6859
8162,8645,8241,6839
8102,8662,8226,6818
8132,8688,8211,6800
8233,8721,8200,6781
8415,8752,8191,6763
8555,8781,8182,6745
8666,8809,8173,6727
8709,8826,8162,6709
8710,8835,8149,6689
8636,8836,8134,6669
8550,8840,8119,6647
8520,8842,8101,6626
8523,8852,8085,6605
8541,8866,8069,6584
8564,8884,8053,6564
8633,8912,8038,6545
8683,8935,8022,6523
8750,8961,8006,6502
8783,8973,7990,6480
8839,8985,7974,6459
8921,8997,7957,6436
8969,8995,7937,6414
9003,8988,7915,6390
9045,8985,7892,6367
9067,8976,7867,6344
9047,8964,7838,6320
9031,8950,7814,6297
9012,8937,7788,6274
9014,8919,7762,6251
8992,8905,7734,6228
8982,8896,7707,6206
8989,8889,7677,6184
8960,8873,7644,6162
8916,8848,7611,6139
8916,8828,7577,6117
8907,8798,7546,6094
8860,8766,7517,6071
8863,8742,7490,6049
8895,8718,7463,6026
8923,8695,7434,6004
8981,8661,7404,5982
9076,8628,7372,5961
9177,8591,7340,5938
9186,8547,7306,5915
9174,8503,7272,5892
9141,8454,7234,5869
9048,8392,7196,5846
8914,8327,7153,5822
8854,8268,7113,5800
8784,8210,7072,5779
8724,8152,7035,5758
8697,8096,7000,5738
8698,8048,6963,5720
8650,7989,6923,5701
8640,7934,6885,5683
8640,7877,6846,5664
8662,7828,6806,5646
8628,7777,6764,5628
8588,7718,6722,5612
8532,7654,6676,5595
8396,7590,6632,5579
8254,7521,6587,5562
8175,7470,6548,5545
8136,7425,6513,5529
8117,7387,6480,5514
8086,7362,6449,5502
8033,7333,6418,5489
7957,7293,6382,5476
7866,7255,6347,5463
7773,7214,6311,5449
7734,7182,6277,5438
7661,7154,6244,5429
7594,7121,6210,5419
7513,7099,6176,5410
7412,7074,6142,5400
7333,7057,6108,5392
7270,7053,6076,5384
7238,7048,6041,5376
7178,7048,6010,5369
7131,7052,5978,5362
7073,7049,5947,5355
7089,7045,5918,5349
7068,7034,5889,5341
7028,7036,5864,5334
6962,7032,5839,5327
6919,7027,5811,5322
6819,7021,5781,5318
6790,7014,5751,5315
6826,7023,5725,5314
6927,7036,5703,5314
7029,7044,5680,5312
7126,7047,5660,5312
7108,7036,5636,5309
7119,7024,5611,5307
7082,6997,5585,5302
7004,6962,5558,5298
6956,6946,5533,5295
6929,6931,5511,5294
6928,6912,5487,5292
6929,6886,5463,5291
6984,6865,5437,5290
7055,6833,5411,5289
7154,6796,5388,5288
7210,6755,5361,5288
7282,6705,5335,5287
7287,6663,5309,5286
7225,6623,5281,5284
7158,6585,5255,5282
7107,6547,5229,5279
7010,6503,5203,5276
6940,6458,5176,5273
6941,6410,5150,5271
6943,6368,5125,5268
6951,6321,5098,5266
6984,6280,5075,5263
7022,6231,5051,5260
6975,6179,5024,5256
6926,6118,4998,5253
6827,6051,4970,5248
6698,5981,4943,5243
6536,5922,4915,5239
6520,5872,4890,5235
6474,5814,4865,5233
6447,5755,4842,5232
6414,5702,4821,5232
6422,5655,4802,5233
6280,5587,4779,5231
6124,5522,4759,5232
5987,5452,4740,5232
5845,5379,4723,5234
5769,5313,4704,5236
5794,5257,4690,5239
5884,5220,4679,5244
5961,5190,4667,5249
6069,5172,4657,5255
6060,5141,4642,5258
5952,5101,4625,5260
5860,5049,4608,5263
5753,4998,4590,5266
5670,4951,4574,5270
5575,4904,4560,5275
5554,4870,4550,5281
5441,4823,4536,5287
5330,4782,4524,5294
5190,4739,4513,5300
5170,4701,4505,5308
5130,4662,4496,5316
5103,4621,4492,5326
5051,4590,4488,5335
5027,4560,4486,5345
4933,4524,4480,5354
4815,4489,4477,5362
4718,4471,4477,5371
4628,4460,4479,5381
4470,4449,4482,5391
4370,4430,4483,5401
4297,4414,4486,5412
4317,4402,4493,5425
4415,4396,4502,5438
4606,4411,4515,5453
4739,4416,4526,5465
4861,4429,4536,5478
4854,4432,4542,5488
4812,4418,4546,5497
4740,4405,4549,5506
4639,4392,4554,5515
4563,4384,4560,5524
4509,4389,4570,5535
4458,4390,4579,5545
4403,4387,4588,5556
4357,4383,4600,5569
4305,4378,4613,5581
4229,4382,4629,5595
4177,4382,4644,5609
4114,4383,4659,5623
4105,4393,4676,5639
4095,4403,4691,5654
4200,4428,4710,5671
4268,4448,4728,5687
4359,4471,4746,5703
4368,4480,4763,5719
4363,4487,4780,5735
4305,4485,4792,5750
4249,4484,4804,5765
4243,4485,4815,5780
4287,4494,4833,5796
4388,4495,4855,5812
4493,4501,4879,5828
4542,4507,4903,5844
4570,4503,4924,5858
4595,4496,4945,5872
4590,4481,4964,5886
4597,4465,4982,5901
4648,4460,5002,5915
4631,4451,5020,5929
4584,4440,5038,5944
4527,4433,5057,5958
4468,4425,5077,5972
4408,4419,5098,5987
4379,4420,5119,6002
4422,4423,5142,6018
4454,4429,5166,6035
4507,4435,5188,6051
4573,4439,5214,6068
4646,4443,5239,6085
4624,4440,5263,6101
4600,4434,5287,6116
4541,4426,5308,6131
4485,4415,5329,6145
4438,4406,5349,6160
4450,4406,5371,6176
4414,4409,5391,6191
4403,4408,5412,6206
4387,4406,5433,6220
4355,4406,5452,6234
4301,4409,5469,6248
4304,4421,5489,6264
4272,4432,5508,6279
4257,4442,5525,6295
4256,4455,5543,6311
4262,4472,5562,6328
4300,4494,5581,6345
4359,4520,5602,6362
4403,4546,5623,6379
4444,4570,5644,6397
4479,4594,5664,6414
4505,4611,5684,6431
4529,4633,5704,6447
4528,4659,5725,6463
4520,4686,5746,6478
4525,4717,5767,6495
4483,4743,5788,6511
4453,4763,5809,6527
4431,4786,5831,6541
4420,4813,5853,6556
4422,4848,5873,6572
4452,4886,5896,6589
4433,4923,5919,6605
4430,4963,5942,6621
4439,4996,5965,6638
4462,5037,5989,6654
4486,5081,6013,6671
4545,5131,6038,6687
4602,5181,6063,6704
4652,5226,6087,6721
4682,5273,6111,6737
4737,5311,6135,6753
4804,5349,6159,6768
4885,5390,6183,6783
4946,5427,6205,6798
4993,5465,6228,6814
5003,5498,6247,6828
5037,5523,6265,6843
5078,5541,6283,6858
5136,5559,6300,6873
5217,5594,6320,6888
5298,5643,6338,6904
5307,5690,6357,6919
5294,5733,6375,6934
5285,5775,6391,6948
5310,5814,6405,6963
5342,5856,6420,6977
5412,5898,6435,6993
5488,5940,6449,7008
5516,5974,6464,7023
5557,6006,6476,7037
5620,6041,6488,7051
5684,6080,6499,7065
5739,6117,6511,7079
5820,6158,6524,7093
5877,6190,6537,7105
5866,6220,6549,7117
5850,6247,6562,7127
5858,6283,6575,7137
5855,6319,6588,7146
5836,6350,6601,7153
5862,6387,6616,7163
5851,6421,6632,7172
5788,6451,6647,7180
5743,6484,6661,7188
5766,6509,6675,7196
5872,6526,6691,7204
6039,6551,6708,7211
6230,6582,6727,7219
6428,6609,6746,7227
6539,6615,6760,7233
6572,6608,6769,7238
6553,6597,6777,7243
6539,6582,6785,7248
6481,6566,6791,7253
6462,6554,6800,7257
6454,6536,6809,7260
6504,6532,6819,7266
6549,6529,6828,7272
6619,6531,6839,7278
6662,6527,6849,7283
6695,6521,6860,7289
6686,6515,6867,7294
6733,6512,6876,7300
6789,6509,6885,7305
6834,6506,6894,7310
6869,6504,6904,7316
6896,6503,6914,7321
6868,6496,6922,7324
6844,6490,6930,7329
6789,6475,6938,7334
6692,6464,6946,7338
6627,6463,6954,7343
6572,6461,6962,7349
6493,6458,6970,7353
6406,6465,6980,7359
6365,6481,6991,7367
6314,6495,7000,7374
6229,6507,7008,7381
6169,6522,7016,7389
6169,6548,7027,7398
6142,6577,7039,7407
6163,6605,7051,7416
6223,6634,7065,7427
6273,6663,7079,7436
6301,6689,7093,7446
6363,6716,7109,7456
6405,6731,7123,7465
6445,6745,7135,7473
6487,6759,7150,7482
6536,6778,7163,7491
6592,6793,7178,7498
6614,6809,7189,7505
6641,6825,7200,7512
6671,6836,7211,7518
6648,6843,7222,7525
6631,6848,7233,7533
6658,6850,7244,7540
6655,6845,7252,7547
6655,6847,7260,7553
6733,6857,7271,7561
6792,6861,7282,7567
6816,6857,7292,7573
6851,6859,7301,7578
6879,6859,7311,7582
6900,6864,7320,7585
6942,6869,7329,7589
6972,6876,7336,7592
6988,6885,7345,7596
7015,6896,7355,7600
7018,6908,7363,7604
6978,6914,7370,7607
6925,6924,7376,7610
6893,6937,7384,7613
6850,6945,7391,7614
6833,6957,7399,7616
6824,6976,7409,7618
6872,6999,7421,7619
6924,7021,7433,7621
6944,7043,7445,7622
6929,7062,7457,7624
6920,7079,7469,7627
6856,7088,7481,7628
6762,7097,7492,7628
6741,7109,7505,7630
6729,7129,7520,7633
6711,7152,7535,7635
6701,7180,7551,7637
6734,7206,7568,7639
6723,7225,7583,7641
6777,7250,7597,7643
6841,7280,7613,7647
6931,7308,7631,7651
7011,7334,7647,7655
7104,7361,7662,7658
7162,7379,7674,7660
7208,7402,7685,7662
7261,7422,7693,7664
7301,7440,7700,7665
7307,7458,7703,7666
7315,7472,7705,7666
7353,7487,7710,7666
7374,7495,7712,7665
7397,7503,7713,7664
7440,7516,7715,7663
7459,7525,7716,7663
7440,7527,7717,7663
7405,7523,7714,7663
7380,7517,7711,7664
7342,7510,7708,7664
7333,7504,7706,7664
7362,7507,7707,7666
7410,7511,7710,7668
7413,7516,7712,7669
7436,7525,7714,7671
7456,7531,7713,7673
7475,7537,7712,7674
7464,7542,7713,7674
7504,7553,7715,7676
7540,7567,7717,7677
7551,7574,7718,7678
7573,7581,7718,7678
7619,7588,7721,7680
7648,7592,7723,7680
7683,7596,7725,7681
7721,7601,7727,7682
7723,7603,7728,7683
7695,7604,7727,7684
7676,7596,7727,7686
7654,7589,7728,7686
7632,7585,7729,7688
7592,7585,7731,7689
7542,7589,7733,7690
7480,7589,7735,7691
7407,7593,7737,7693
7333,7596,7738,7694
7319,7606,7742,7696
7337,7616,7748,7699
7375,7633,7755,7702
7429,7652,7761,7705
7492,7669,7769,7709
7541,7680,7775,7711
7596,7689,7782,7712
7635,7697,7788,7713
7686,7703,7794,7714
7716,7711,7799,7714
7737,7718,7803,7714
7740,7727,7807,7713
7740,7737,7811,7713
7717,7745,7814,7713
7710,7756,7818,7714
7707,7766,7818,7714
7716,7783,7820,7715
7670,7799,7823,7716
7643,7815,7826,7717
7631,7836,7828,7719
7613,7852,7832,7721
7604,7870,7836,7723
7634,7899,7842,7726
7674,7924,7847,7729
7697,7944,7850,7732
7718,7964,7853,7734
7707,7986,7854,7737
7747,8012,7855,7739
7762,8029,7853,7742
7770,8044,7851,7744
7762,8056,7849,7746
7773,8064,7848,7749
7755,8066,7846,7751
7739,8057,7846,7753
7745,8048,7845,7755
7768,8046,7844,7757
7821,8043,7843,7760
7877,8036,7842,7763
7935,8024,7838,7765
7981,8013,7832,7766
8026,8001,7826,7767
8076,7976,7817,7769
8113,7948,7808,7770
8139,7919,7800,7770
8192,7894,7792,7769
8225,7871,7784,7769
8240,7850,7775,7769
8272,7829,7764,7769
8298,7806,7756,7769
8277,7774,7746,7769
8285,7745,7734,7769
8303,7721,7723,7770
8309,7697,7710,7770
8301,7674,7699,7770
8301,7651,7689,7771
8268,7629,7680,7771
8173,7609,7671,7771
8073,7589,7663,7771
7930,7573,7654,7772
7794,7557,7647,7774
7707,7545,7640,7775
7644,7537,7635,7778
7576,7532,7631,7781
7539,7541,7629,7784
7532,7552,7627,7788
7494,7557,7623,7791
7418,7565,7618,7794
7347,7574,7614,7798
7304,7589,7612,7803
7267,7599,7610,7807
7250,7612,7610,7811
7321,7637,7612,7817
7397,7664,7616,7823
7461,7689,7620,7829
7472,7713,7622,7834
7464,7733,7624,7840
7468,7751,7625,7845
7481,7771,7627,7851
7507,7791,7629,7857
7539,7815,7632,7863
7594,7840,7635,7870
7630,7855,7636,7876
7663,7872,7636,7882
7694,7890,7637,7887
7740,7909,7638,7893
7759,7915,7638,7899
7739,7919,7638,7904
7727,7926,7637,7909
7742,7931,7637,7914
7760,7938,7638,7919
7783,7951,7639,7925
7812,7967,7642,7931
7833,7978,7644,7937
7827,7985,7645,7942
7818,7989,7646,7947
7822,7991,7647,7952
7853,7994,7647,7958
7884,7989,7647,7964
7902,7981,7648,7970
7947,7971,7650,7976
7977,7963,7650,7981
8005,7950,7650,7985
8038,7937,7650,7989
8073,7933,7649,7993
8088,7924,7649,7998
8106,7909,7647,8003
8090,7893,7643,8007
8087,7875,7638,8011
8103,7851,7634,8015
8103,7821,7630,8020
8042,7793,7624,8025
8014,7760,7620,8030
7987,7727,7616,8034
7941,7696,7612,8037
7912,7668,7610,8042
7977,7652,7610,8048
8028,7631,7610,8054
8039,7603,7608,8060
8062,7583,7608,8066
8069,7562,7610,8071
8025,7527,7609,8074
7975,7493,7610,8077
7900,7460,7610,8080
7807,7431,7611,8083
7709,7408,7613,8087
7651,7389,7616,8090
7588,7375,7619,8095
7574,7371,7624,8100
7611,7363,7630,8106
7662,7364,7637,8111
7655,7359,7642,8115
7665,7354,7649,8120
7663,7349,7655,8126
7582,7334,7660,8130
7472,7321,7664,8135
7407,7309,7671,8141
7293,7294,7678,8146
7202,7278,7684,8152
7171,7272,7692,8159
7186,7275,7700,8166
7196,7282,7709,8173
7234,7295,7720,8180
7238,7308,7731,8186
7265,7320,7739,8191
7273,7329,7747,8196
7228,7337,7755,8201
7205,7352,7763,8207
7184,7371,7773,8213
7149,7382,7783,8219
7144,7393,7793,8225
7201,7414,7805,8232
7267,7432,7817,8239
7363,7450,7829,8247
7401,7467,7842,8254
7447,7481,7852,8261
7466,7490,7862,8267
7462,7499,7871,8274
7443,7505,7880,8281
7438,7516,7891,8288
7406,7528,7901,8295
7360,7542,7911,8301
7303,7558,7921,8308
7238,7574,7930,8315
7206,7594,7939,8322
7199,7615,7949,8329
7239,7638,7958,8336
7298,7661,7970,8344
7384,7685,7982,8353
7465,7710,7994,8362
7506,7730,8004,8371
7527,7746,8012,8378
7578,7762,8021,8386
7613,7775,8029,8394
7634,7786,8037,8401
7659,7800,8046,8408
7689,7811,8056,8415
7686,7810,8065,8421
7657,7807,8074,8428
7659,7807,8084,8435
7669,7809,8095,8442
7659,7803,8105,8448
7666,7802,8116,8455
7695,7806,8128,8463
7695,7809,8138,8469
7727,7814,8149,8475
7779,7821,8159,8481
7816,7825,8170,8487
7858,7829,8181,8492
7907,7836,8192,8498
7930,7844,8201,8502
7935,7851,8211,8506
7924,7859,8221,8510
7901,7865,8230,8515
7898,7873,8240,8519
7889,7879,8249,8524
7890,7888,8258,8530
7903,7899,8269,8536
7927,7911,8280,8542
7922,7920,8292,8548
7923,7928,8302,8554
7912,7937,8311,8559
7864,7947,8320,8564
7805,7957,8329,8568
7759,7968,8338,8572
7712,7976,8348,8577
7646,7989,8358,8580
7637,8009,8371,8584
7651,8029,8385,8588
7674,8045,8397,8592
7704,8056,8410,8595
7763,8074,8425,8600
7807,8094,8439,8603
7835,8111,8451,8607
7860,8119,8463,8609
7908,8125,8474,8612
7962,8133,8486,8616
8023,8141,8498,8619
8071,8152,8511,8623
8125,8165,8523,8627
8139,8172,8532,8630
8153,8177,8539,8632
8162,8183,8544,8635
8178,8191,8549,8638
8180,8199,8555,8639
8181,8205,8560,8640
8184,8209,8564,8642
8188,8215,8570,8643
8206,8225,8577,8645
8212,8234,8581,8647
8215,8244,8585,8650
8227,8253,8588,8652
8238,8261,8592,8654
8233,8263,8596,8656
8217,8265,8600,8659
8190,8268,8606,8661
8157,8267,8611,8664
8148,8268,8615,8665
8143,8271,8620,8668
8123,8278,8627,8670
8116,8288,8632,8672
8118,8294,8637,8673
8090,8298,8640,8670
8080,8302,8640,8667
8134,8313,8643,8665
8193,8326,8645,8663
8225,8340,8647,8661
8276,8358,8650,8658
8308,8374,8653,8657
8326,8387,8655,8654
8336,8401,8657,8651
8345,8415,8660,8647
8350,8430,8661,8642
8383,8444,8664,8636
8395,8456,8666,8632
8415,8468,8669,8627
8447,8482,8673,8622
8463,8495,8677,8618
8434,8507,8682,8613
8397,8517,8686,8609
8362,8530,8690,8605
8314,8542,8692,8601
8282,8557,8695,8597
8276,8575,8700,8593
8297,8596,8705,8589
8305,8616,8709,8585
8317,8636,8713,8581
8327,8657,8718,8578
8329,8680,8725,8573
8331,8702,8731,8567
8345,8723,8737,8563
8394,8741,8744,8559
8450,8759,8751,8555
8516,8774,8758,8551
8579,8787,8765,8547
8642,8805,8770,8541
8672,8819,8774,8534
8706,8831,8778,8525
8729,8842,8782,8518
8737,8850,8786,8510
8741,8858,8789,8502
8746,8871,8792,8494
8743,8878,8795,8485
8756,8884,8797,8477
8761,8891,8799,8468
8783,8899,8801,8460
8808,8909,8803,8453
8833,8920,8804,8446
8847,8931,8804,8439
8871,8943,8804,8432
8878,8948,8803,8425
8882,8947,8801,8418
8884,8936,8800,8410
8905,8928,8799,8402
8932,8922,8798,8394
8952,8917,8800,8386
8946,8909,8802,8379
8938,8905,8803,8371
8891,8899,8804,8364
8844,8886,8805,8357
8837,8871,8805,8350
8863,8861,8807,8344
8883,8852,8807,8338
8926,8850,8807,8332
8954,8844,8807,8325
8960,8837,8806,8319
8983,8830,8802,8312
8991,8822,8796,8305
8978,8815,8791,8299
8983,8809,8786,8290
8982,8797,8781,8282
8976,8780,8774,8275
8995,8763,8768,8267
9041,8741,8762,8260
9072,8720,8756,8252
9082,8696,8751,8243
9036,8672,8746,8233
8928,8648,8740,8223
8828,8624,8735,8211
8748,8602,8730,8200
8688,8586,8727,8189
8649,8578,8725,8179
8698,8576,8726,8171
8732,8574,8726,8163
8716,8571,8723,8155
8676,8568,8720,8147
8657,8570,8719,8140
8618,8571,8717,8131
8595,8574,8713,8122
8592,8582,8713,8114
8637,8593,8714,8105
8682,8599,8715,8098
8704,8606,8716,8089
8714,8609,8715,8080
8745,8613,8717,8071
8720,8611,8717,8061
8680,8607,8717,8050
8636,8609,8716,8040
8539,8618,8715,8031
8449,8626,8713,8022
8376,8637,8711,8015
8327,8651,8709,8007
8305,8670,8701,8000
8337,8695,8694,7994
8365,8719,8686,7988
8419,8741,8681,7982
8471,8762,8674,7975
8497,8784,8666,7968
8529,8804,8660,7962
8558,8824,8654,7955
8581,8842,8646,7948
8602,8856,8635,7940
8666,8873,8622,7933
8730,8889,8609,7926
8785,8900,8598,7919
8829,8909,8586,7912
8833,8917,8572,7904
8826,8917,8559,7896
8807,8914,8545,7888
8774,8910,8532,7880
8744,8907,8521,7873
8729,8906,8511,7867
8726,8905,8500,7862
8765,8905,8486,7856
8822,8909,8473,7851
8875,8919,8461,7846
8944,8934,8450,7841
8998,8942,8438,7837
9001,8945,8422,7831
9008,8948,8404,7826
8998,8950,8388,7820
8992,8952,8375,7815
8990,8945,8359,7810
8991,8936,8344,7804
8998,8930,8329,7799
9022,8927,8312,7794
9039,8912,8294,7789
9035,8892,8272,7784
9038,8872,8253,7778
9010,8852,8234,7773
8984,8832,8215,7768
8966,8811,8196,7764
8928,8790,8176,7759
8885,8767,8157,7755
8848,8746,8138,7750
8818,8732,8120,7745
8767,8717,8102,7740
8756,8708,8088,7736
8749,8701,8074,7732
8765,8697,8060,7728
8817,8695,8046,7724
8900,8695,8034,7721
8948,8691,8020,7718
9006,8684,8005,7715
9061,8671,7989,7711
9063,8652,7971,7706
9050,8632,7955,7700
9011,8617,7940,7695
8946,8597,7925,7690
8896,8579,7910,7685
8857,8567,7895,7680
8750,8555,7881,7675
8676,8550,7869,7670
8608,8546,7858,7665
8531,8542,7844,7660
8452,8539,7831,7655
8432,8547,7823,7651
8422,8552,7814,7647
8409,8562,7806,7643
8378,8565,7795,7638
8384,8565,7784,7634
8406,8562,7775,7631
8437,8540,7766,7627
8490,8514,7757,7624
8554,8489,7748,7621
8598,8462,7736,7616
8635,8435,7721,7612
8650,8402,7706,7607
8649,8376,7688,7601
8607,8347,7670,7595
8561,8316,7651,7590
8520,8277,7633,7584
8505,8228,7616,7578
8482,8184,7599,7572
8505,8153,7587,7568
8552,8119,7574,7564
8586,8081,7561,7560
8612,8044,7545,7555
8636,8012,7531,7550
8677,7981,7515,7545
8690,7948,7497,7539
8705,7916,7480,7532
8689,7884,7462,7526
8704,7846,7445,7519
8671,7799,7425,7512
8607,7758,7405,7505
8520,7719,7384,7497
8350,7686,7365,7490
8125,7642,7347,7482
7917,7596,7331,7475
7762,7561,7318,7469
7643,7539,7306,7463
7607,7529,7299,7459
7660,7527,7294,7458
7708,7527,7290,7456
7726,7514,7283,7454
7686,7493,7276,7451
7607,7469,7270,7448
7494,7446,7263,7443
7441,7424,7256,7440
7375,7405,7250,7436
7349,7394,7245,7433
7399,7388,7245,7433
7454,7383,7244,7432
7472,7366,7241,7429
7529,7356,7238,7428
7596,7350,7236,7427
7649,7348,7234,7426
7640,7344,7230,7424
7587,7337,7228,7423
7553,7326,7226,7420
7523,7318,7224,7417
7501,7305,7223,7413
7479,7300,7225,7410
7450,7296,7229,7408
7424,7287,7230,7406
7437,7285,7232,7403
7413,7280,7235,7401
7435,7286,7241,7400
7504,7299,7247,7401
7478,7307,7252,7400
7365,7305,7255,7399
7246,7310,7260,7397
7176,7314,7264,7396
7089,7311,7268,7394
7070,7323,7275,7393
7096,7343,7284,7393
7122,7366,7295,7394
7114,7382,7304,7394
7092,7389,7312,7394
7080,7395,7321,7393
7082,7407,7331,7392
7160,7423,7342,7391
7219,7433,7352,7390
7299,7447,7363,7390
7350,7452,7371,7388
7403,7447,7378,7388
7389,7434,7384,7386
7377,7415,7390,7385
7342,7397,7395,7384
7318,7376,7402,7383
7326,7358,7409,7382
7353,7346,7417,7381
7396,7332,7424,7381
7471,7332,7433,7382
7545,7328,7440,7383
7559,7316,7445,7383
7592,7300,7451,7383
7605,7284,7456,7383
7576,7263,7460,7382
7576,7238,7464,7381
7591,7217,7468,7381
7581,7193,7470,7380
7582,7170,7473,7379
7557,7146,7477,7380
7502,7118,7479,7379
7483,7085,7479,7378
7466,7054,7480,7377
7422,7032,7479,7376
7439,7020,7482,7376
7419,7012,7485,7377
7320,6997,7486,7376
7225,6983,7488,7376
7109,6972,7492,7376
6995,6961,7493,7375
6896,6954,7497,7376
6870,6950,7503,7378
6860,6951,7508,7380
6877,6960,7514,7384
6953,6969,7521,7388
7032,6980,7529,7393
7075,6985,7534,7397
7077,6991,7539,7401
7107,7000,7545,7405
7057,7000,7549,7408
7003,7000,7554,7411
6965,6999,7560,7414
6947,7007,7565,7418
6920,7012,7570,7421
6878,7026,7575,7425
6857,7045,7581,7429
6795,7065,7585,7433
6750,7090,7590,7437
6757,7114,7594,7441
6797,7146,7599,7446
6864,7177,7605,7450
6957,7213,7610,7455
7040,7254,7615,7460
7060,7286,7618,7462
7084,7316,7619,7465
7071,7343,7620,7466
7040,7369,7619,7468
7032,7399,7619,7470
7036,7428,7622,7472
7046,7456,7623,7473
7055,7487,7625,7475
7076,7520,7627,7477
7100,7552,7625,7478
7122,7582,7624,7479
7135,7609,7623,7479
7151,7643,7622,7479
7158,7680,7621,7479
7169,7712,7621,7479
7175,7744,7619,7479
7216,7772,7618,7479
7276,7798,7617,7479
7362,7825,7617,7480
7445,7850,7618,7480
7532,7876,7618,7480
7601,7894,7618,7480
7645,7913,7614,7479
7685,7934,7609,7477
7734,7950,7602,7474
7791,7964,7595,7471
7817,7975,7588,7468
7861,7985,7581,7465
7892,7993,7575,7463
7915,8000,7567,7459
7911,8005,7560,7454
7925,8008,7555,7452
7934,8011,7548,7449
7949,8017,7542,7447
7949,8011,7535,7444
7960,8011,7527,7442
7962,8008,7520,7440
7993,8002,7511,7439
8032,7991,7502,7437
8061,7980,7493,7435
8093,7968,7484,7433
8112,7957,7476,7432
8079,7941,7465,7430
8030,7924,7453,7427
7995,7911,7441,7425
7972,7897,7428,7423
7948,7882,7416,7421
7966,7871,7406,7420
8015,7862,7397,7419
8047,7847,7388,7417
8058,7829,7379,7415
8085,7815,7372,7413
8075,7798,7363,7410
8043,7777,7354,7407
8033,7754,7345,7405
8036,7734,7338,7403
8017,7721,7331,7401
8022,7710,7326,7399
8032,7700,7321,7398
7984,7680,7315,7397
7945,7662,7309,7395
7926,7645,7304,7394
7880,7627,7299,7393
7798,7605,7293,7391
7764,7589,7290,7391
7702,7573,7286,7391
7651,7553,7282,7390
7623,7537,7279,7390
7627,7521,7278,7391
7643,7505,7275,7390
7670,7493,7273,7391
7667,7478,7271,7392
7663,7461,7268,7392
7658,7441,7266,7393
7610,7420,7263,7392
7564,7406,7259,7392
7543,7394,7257,7393
7527,7381,7255,7394
7502,7363,7253,7394
7489,7342,7253,7396
7486,7325,7254,7398
7524,7309,7255,7400
7547,7293,7257,7402
7581,7275,7259,7404
7592,7263,7262,7407
7604,7248,7265,7409
7560,7227,7266,7411
7525,7207,7267,7412
7466,7191,7268,7414
7440,7183,7271,7416
7412,7174,7273,7418
7371,7169,7275,7420
7338,7157,7278,7422
7291,7146,7281,7425
7255,7132,7284,7428
7225,7117,7288,7430
7201,7108,7292,7434
7164,7098,7296,7437
7149,7097,7301,7441
7135,7095,7305,7445
7146,7095,7307,7449
7165,7100,7310,7454
7182,7106,7313,7458
7191,7113,7317,7462
7141,7117,7320,7465
7077,7113,7322,7468
7033,7112,7323,7471
6999,7107,7325,7474
6970,7106,7327,7477
7015,7112,7331,7482
7024,7117,7334,7486
7032,7118,7335,7491
7036,7118,7335,7495
7077,7120,7337,7499
7111,7112,7338,7504
7161,7107,7339,7508
7213,7101,7341,7512
7223,7094,7342,7516
7199,7090,7343,7519
7136,7084,7343,7521
7070,7080,7342,7524
7005,7076,7342,7526
6982,7077,7343,7529
6997,7084,7344,7533
7034,7093,7346,7537
7092,7105,7348,7541
7153,7120,7349,7546
7213,7135,7350,7551
7244,7147,7350,7555
7265,7159,7350,7559
7255,7167,7349,7563
7234,7173,7349,7567
7190,7179,7350,7570
7149,7185,7351,7574
7113,7194,7353,7579
7099,7205,7357,7584
7074,7215,7361,7588
7064,7229,7366,7594
7052,7242,7371,7600
7016,7253,7377,7606
6968,7263,7383,7612
6925,7273,7389,7618
6895,7285,7394,7625
6899,7300,7401,7631
6940,7319,7409,7639
6996,7335,7418,7646
7066,7351,7427,7654
7119,7369,7434,7662
7161,7383,7441,7668
7192,7396,7446,7674
7221,7410,7450,7679
7270,7423,7453,7685
7331,7443,7457,7690
7374,7460,7460,7696
7427,7477,7464,7701
7461,7493,7468,7705
7471,7503,7470,7709
7477,7514,7472,7713
7474,7525,7475,7716
7478,7533,7478,7719
7482,7541,7481,7722
7486,7549,7484,7726
7490,7557,7486,7729
7492,7565,7489,7731
7469,7572,7492,7733
7451,7579,7496,7736
7422,7586,7499,7738
7401,7593,7501,7741
7399,7599,7504,7742
7409,7605,7506,7744
7396,7607,7509,7745
7389,7608,7512,7746
7397,7609,7516,7747
7399,7610,7519,7749
7402,7610,7521,7750
7451,7614,7524,7753
7500,7616,7528,7756
7564,7613,7532,7758
7624,7608,7536,7760
7680,7603,7540,7763
7717,7592,7542,7764
7751,7575,7546,7765
7756,7555,7548,7767
7760,7535,7549,7769
7761,7515,7551,7771
7749,7495,7553,7773
7744,7477,7556,7775
7736,7457,7557,7778
7718,7440,7559,7779
7713,7424,7562,7780
7713,7407,7564,7782
7709,7392,7565,7784
7705,7376,7567,7786
7693,7356,7570,7788
7666,7336,7571,7790
7614,7317,7573,7792
7555,7297,7575,7794
7500,7278,7578,7796
7467,7262,7581,7798
7439,7245,7586,7800
7441,7233,7591,7803
7435,7230,7597,7806
7420,7229,7603,7808
7388,7228,7607,7810
7356,7227,7610,7812
7317,7229,7614,7814
7259,7236,7618,7817
7214,7245,7623,7820
7187,7255,7628,7823
7154,7266,7633,7826
7137,7279,7639,7829
7159,7298,7647,7832
7170,7315,7654,7836
7190,7331,7661,7839
7213,7349,7669,7842
7219,7369,7676,7845
7236,7386,7684,7848
7248,7402,7689,7852
7215,7415,7694,7855
7190,7428,7699,7859
7174,7440,7705,7863
7138,7447,7710,7867
7115,7457,7715,7872
7127,7471,7722,7877
7119,7489,7729,7882
7112,7506,7735,7887
7155,7523,7743,7893
7208,7542,7752,7898
7261,7562,7759,7903
7330,7587,7768,7909
7417,7610,7778,7914
7471,7624,7784,7919
7513,7634,7791,7923
7547,7645,7797,7927
7592,7658,7804,7932
7615,7667,7810,7935
7629,7675,7816,7938
7634,7680,7822,7941
7642,7684,7829,7944
7651,7683,7835,7946
7678,7685,7842,7949
7686,7686,7848,7952
7692,7691,7855,7956
7696,7694,7861,7959
7688,7693,7868,7963
7645,7689,7875,7966
7603,7690,7882,7969
7578,7695,7889,7972
7550,7700,7896,7976
7553,7707,7902,7979
7568,7716,7908,7983
7596,7731,7916,7988
7626,7744,7923,7992
7676,7757,7931,7996
7706,7766,7937,8000
7734,7776,7943,8004
7757,7789,7949,8007
7763,7799,7954,8011
7756,7805,7957,8014
7759,7810,7960,8017
7764,7816,7963,8020
7781,7821,7967,8024
7788,7826,7972,8027
7784,7833,7973,8029
7739,7833,7974,8032
7721,7837,7976,8034
7696,7841,7978,8036
7698,7848,7980,8038
7700,7857,7981,8041
7714,7872,7981,8043
7701,7881,7980,8045
7707,7891,7979,8047
7720,7898,7978,8050
7736,7904,7978,8052
7769,7907,7980,8055
7811,7914,7982,8057
7853,7916,7984,8059
7870,7915,7984,8061
7890,7914,7984,8063
7907,7914,7986,8065
7927,7914,7985,8068
7944,7911,7985,8070
7953,7909,7986,8073
7963,7910,7988,8075
7975,7909,7991,8078
7971,7907,7993,8080
7943,7904,7995,8082
7929,7897,7998,8084
7926,7889,8000,8087
7897,7880,7999,8089
7891,7876,8000,8091
7904,7873,8003,8094
7915,7869,8005,8096
7930,7864,8007,8098
7969,7863,8009,8101
7987,7857,8011,8103
7995,7857,8012,8105
7998,7858,8014,8108
7979,7855,8014,8110
7928,7853,8014,8113
7895,7853,8015,8115
7856,7854,8015,8118
7825,7856,8014,8121
7798,7862,8013,8125
7810,7873,8014,8129
7811,7884,8014,8133
7824,7896,8016,8136
7833,7908,8017,8140
7862,7925,8018,8144
7876,7940,8018,8148
7890,7956,8019,8151
7904,7969,8018,8155
7884,7984,8018,8158
7841,7997,8017,8162
7803,8013,8016,8165
7785,8030,8014,8169
7755,8045,8013,8172
7760,8067,8014,8176
7774,8090,8017,8181
7790,8106,8020,8185
7777,8119,8022,8189
7809,8135,8025,8193
7847,8151,8029,8195
7877,8169,8032,8198
7913,8183,8036,8200
7964,8200,8040,8203
7974,8208,8042,8206
7988,8215,8045,8208
8022,8222,8047,8211
8048,8226,8049,8213
8075,8229,8051,8216
8110,8234,8054,8219
8140,8237,8056,8221
8174,8232,8057,8223
8212,8225,8059,8226
8247,8219,8060,8228
8265,8213,8060,8230
8285,8208,8060,8232
8292,8191,8058,8234
8314,8169,8057,8235
8332,8146,8055,8236
8358,8125,8056,8238
8381,8103,8057,8240
8399,8084,8058,8242
8357,8064,8057,8243
8321,8047,8056,8245
8295,8031,8056,8246
8268,8012,8055,8248
8252,7994,8055,8250
8255,7985,8056,8252
8259,7972,8058,8255
8247,7961,8059,8257
8228,7951,8061,8258
8194,7946,8062,8260
8169,7944,8063,8261
8138,7944,8064,8264
8128,7945,8066,8266
8122,7948,8068,8269
8079,7946,8071,8272
8043,7941,8074,8276
8020,7939,8077,8279
7989,7938,8080,8283
7967,7938,8082,8286
7930,7944,8085,8291
7878,7950,8089,8296
7809,7952,8092,8300
7732,7957,8094,8305
7655,7958,8096,8309
7648,7968,8100,8315
7682,7981,8105,8321
7737,7997,8110,8328
7797,8009,8115,8334
7832,8016,8121,8341
7858,8021,8126,8347
7885,8021,8130,8352
7871,8019,8132,8357
7874,8021,8134,8362
7904,8025,8137,8367
7968,8025,8142,8372
8010,8024,8145,8376
8088,8026,8150,8381
8149,8022,8155,8386
8205,8017,8160,8390
8192,8004,8162,8394
8147,7992,8165,8397
8109,7977,8167,8400
8089,7962,8168,8403
8066,7951,8170,8406
8068,7946,8174,8410
8097,7948,8179,8414
8100,7949,8182,8419
8099,7947,8185,8422
8084,7947,8187,8426
8071,7949,8190,8430
8063,7950,8192,8434
8076,7955,8196,8439
8048,7957,8198,8443
8007,7962,8203,8448
7968,7965,8207,8453
7921,7969,8211,8458
7873,7974,8215,8464
7866,7982,8221,8469
7882,7995,8229,8475
7885,8009,8237,8482
7903,8024,8245,8488
7909,8036,8251,8494
7879,8044,8257,8500
7856,8052,8263,8507
7841,8061,8271,8513
7823,8069,8277,8520
7797,8078,8283,8526
7792,8097,8291,8533
7808,8115,8298,8540
7845,8133,8306,8548
7884,8151,8314,8555
7943,8171,8323,8562
8001,8190,8331,8569
8048,8203,8339,8575
8082,8216,8345,8581
8110,8227,8351,8588
8134,8237,8357,8593
8158,8249,8360,8599
8170,8258,8362,8606
8172,8267,8363,8612
8172,8274,8365,8618
8188,8281,8367,8625
8198,8286,8369,8631
8207,8292,8372,8638
8229,8301,8375,8644
8250,8310,8378,8651
8247,8316,8381,8657
8235,8321,8384,8664
8224,8324,8387,8670
8197,8325,8390,8676
8173,8325,8393,8682
8158,8326,8396,8687
8197,8327,8400,8693
8234,8327,8404,8700
8275,8331,8409,8706
8320,8329,8413,8713
8355,8328,8417,8719
8352,8321,8420,8724
8338,8315,8423,8729
8343,8312,8427,8734
8337,8307,8430,8738
8343,8299,8434,8743
8354,8289,8437,8747
8375,8286,8441,8751
8387,8283,8444,8754
8391,8281,8448,8758
8396,8282,8452,
8377,8282,8454,
8375,8282,8456,
8374,8282,8458,
8390,8285,8460,
8397,8284,8463,
8411,8286,8467,
8402,8289,8470,
8373,8290,8474,
8339,8290,8477,
8305,8289,8481,
8271,8289,8486,
8242,8289,8491,
8232,8292,8497,
8199,8294,8503,
8173,8299,8509,
8160,8305,8516,
8159,8314,8523,
8165,8323,8529,
8188,8336,8537,
8178,8349,8546,
8164,8362,8553,
8165,8376,8560,
8165,8389,8567,
8181,8402,8574,
8241,8418,8583,
8309,8433,8591,
8353,8444,8597,
8385,8456,8603,
8412,8463,8608,
8412,8469,8612,
8404,8473,8616,
8412,8478,8620,
8422,8485,8625,
8421,8491,8629,
8423,8498,8634,
8426,8506,8638,
8402,8512,8642,
8383,8518,8646,
8365,8523,8650,
8365,8531,8655,
8368,8532,8660,
8396,8529,8665,
8420,8526,8671,
8453,8526,8676,
8474,8525,8682,
8500,8525,8688,
8530,8525,8693,
8560,8524,8699,
8584,8524,8705,
8592,8525,8712,
8589,8526,8717,
8574,8524,8722,
8564,8519,8727,
8546,8518,8732,
8546,8518,8737,
8555,8519,8744,
8554,8521,8750,
8559,8523,8756,
8577,8524,8763,
8590,8524,8770,
8600,8526,8776,
8615,8531,8783,
8620,8534,8790,
8616,8536,8796,
8619,8540,8801,
8583,8541,8807,
8507,8545,8812,
8435,8547,8818,
8384,8550,8824,
8331,8554,8830,
8325,8562,8838,
8372,8573,8850,
8406,8583,8861,
8440,8592,8872,
8474,8602,8883,
8504,8612,8893,
8519,8621,8903,
8527,8631,8914,
8543,8640,8924,
8547,8650,8934,
8549,8660,8943,
8560,8670,8953,
8588,8683,8963,
8584,8692,8971,
8584,8704,8979,
8594,8715,8987,
8611,8724,8995,
8627,8732,9004,
8649,8743,9012,
8682,8756,9020,
8690,8765,9028,
8699,8773,9035,
8697,8780,9041,
8702,8789,9046,
8704,8796,9052,
8711,8805,9056,
8677,8805,9060,
8653,8810,9064,
8633,8814,9068,
8619,8815,,
8622,8820,,
8660,8829,,
8692,8839,,
8729,8847,,
8763,8854,,
8792,8859,,
8815,8861,,
8839,8864,,
8857,8867,,
8871,8869,,
8881,8870,,
8882,8870,,
8882,8872,,
8885,8871,,
8897,8873,,
8895,8877,,
8904,8882,,
8917,8889,,
8928,8897,,
8922,8902,,
8930,8909,,
8896,8915,,
8875,8921,,
8853,8926,,
8820,8933,,
8801,8940,,
8817,8955,,
8830,8968,,
8830,8980,,
8854,8995,,
8855,9007,,
8853,9020,,
8842,9034,,
8851,9047,,
8850,9057,,
8857,9068,,
8870,9080,,
8884,9090,,
8879,9102,,
8895,9113,,
8923,9127,,
8953,9143,,
8985,9160,,
9041,9180,,
9072,9197,,
9088,9211,,
9100,9226,,
9109,9239,,
9106,9253,,
9108,9266,,
9119,9280,,
9135,9295,,
9157,9308,,
9174,9316,,
9188,9323,,
9199,9330,,
9210,9339,,
9229,9347,,
9233,9353,,
9229,9360,,
9222,9365,,
9209,9371,,
9180,9371,,
9181,9371,,
9187,9375,,
9211,9373,,
9254,9370,,
9303,9368,,
9347,9363,,
9396,,,
9429,,,
9447,,,
9460,,,
9479,,,
9486,,,
9501,,,
9518,,,
9521,,,
9482,,,
9452,,,
9420,,,
9395,,,
9392,,,
9399,,,
9408,,,
9408,,,
9404,,,
9368,,,
9341,,,
9321,,,
9268,,,
9204,,,
9164,,,
9132,,,
